time,value
1963-01-01,73.724783924504
1963-02-01,73.7448433764512
1963-03-01,74.280487105035
1963-04-01,74.3338327354253
1963-05-01,74.7395219908015
1963-06-01,74.5440938251204
1963-07-01,74.4192310170828
1963-08-01,74.0184560719443
1963-09-01,74.6183614078663
1963-10-01,75.1346522219316
1963-11-01,74.5812630188276
1963-12-01,74.702007537174
1964-01-01,74.7462414699002
1964-02-01,74.8244227800624
1964-03-01,74.8322958242963
1964-04-01,75.4136545856053
1964-05-01,74.918151314151
1964-06-01,74.8538063859638
1964-07-01,74.9121210977984
1964-08-01,75.4978300771352
1964-09-01,75.5961053148499
1964-10-01,75.8301654181561
1964-11-01,75.5005150115186
1964-12-01,75.0841983362068
1965-01-01,74.494383947824
1965-02-01,74.5958089285404
1965-03-01,74.4905777567912
1965-04-01,74.768451908539
1965-05-01,74.7619044453024
1965-06-01,75.0296780815674
1965-07-01,74.8007011478596
1965-08-01,74.5975773709773
1965-09-01,74.7942666172779
1965-10-01,74.8210176338647
1965-11-01,75.4634635829113
1965-12-01,75.7035783489949
1966-01-01,76.0137838997733
1966-02-01,76.2143000184787
1966-03-01,76.2298326300187
1966-04-01,76.4128297520701
1966-05-01,76.3208046749886
1966-06-01,76.1803795008912
1966-07-01,76.2933922299414
1966-08-01,75.1834685365335
1966-09-01,75.1028451642659
1966-10-01,75.4033707396565
1966-11-01,75.0499138339795
1966-12-01,75.2852880484074
1967-01-01,75.3040815099492
1967-02-01,75.3375655101365
1967-03-01,75.3384521717143
1967-04-01,75.1579412431076
1967-05-01,75.3951721878651
1967-06-01,75.794442727206
1967-07-01,76.3086407407588
1967-08-01,76.4879273951366
1967-09-01,76.608002761445
1967-10-01,76.1749305575524
1967-11-01,76.2306532521479
1967-12-01,76.1431742734626
1968-01-01,76.2520937493596
1968-02-01,76.4556190905846
1968-03-01,76.3063604682624
1968-04-01,75.9893804492501
1968-05-01,75.4686584885678
1968-06-01,75.7656120897596
1968-07-01,75.7338496216004
1968-08-01,76.1597373464126
1968-09-01,76.7771646261673
1968-10-01,77.1107860662472
1968-11-01,77.4286629183287
1968-12-01,77.608282015074
1969-01-01,78.1044497504847
1969-02-01,78.5046828635747
1969-03-01,77.938547150633
1969-04-01,79.0274925850202
1969-05-01,79.7305846899808
1969-06-01,80.411189099956
1969-07-01,81.3294709430244
1969-08-01,81.6534575076996
1969-09-01,82.2153987027268
1969-10-01,83.0291701468779
1969-11-01,84.2994665599848
1969-12-01,84.8722501505313
1970-01-01,85.0012437738103
1970-02-01,85.0911957348314
1970-03-01,85.2189986610684
1970-04-01,85.8825011714091
1970-05-01,86.2297983166491
1970-06-01,85.8507832390837
1970-07-01,85.9731064536589
1970-08-01,85.9492926329846
1970-09-01,86.1247250095129
1970-10-01,84.3423110179647
1970-11-01,84.2891923854619
1970-12-01,84.0634316634281
1971-01-01,83.8810660351331
1971-02-01,83.9615173738581
1971-03-01,84.2795998984526
1971-04-01,84.8857895721875
1971-05-01,84.0020820715387
1971-06-01,84.1522631722346
1971-07-01,83.859273443693
1971-08-01,83.6885814148793
1971-09-01,83.1749646522514
1971-10-01,83.0126203759181
1971-11-01,82.4531279584996
1971-12-01,83.0094894653934
1972-01-01,83.3088914093455
1972-02-01,83.2872328350365
1972-03-01,83.7757965222562
1972-04-01,84.0762250947149
1972-05-01,84.6504596824585
1972-06-01,85.1376777053567
1972-07-01,85.374552048253
1972-08-01,86.4447889527234
1972-09-01,87.3155951449114
1972-10-01,88.2909454667835
1972-11-01,88.7259337779469
1972-12-01,89.9919410340698
1973-01-01,91.5777077233674
1973-02-01,92.6000060787812
1973-03-01,93.8008606794665
1973-04-01,94.5420831885005
1973-05-01,96.2074922177148
1973-06-01,98.0421175101027
1973-07-01,99.5310995824246
1973-08-01,100.7617706248
1973-09-01,101.98349641767
1973-10-01,105.145769099964
1973-11-01,108.525292642548
1973-12-01,111.783667914145
1974-01-01,115.732305230726
1974-02-01,115.185567728902
1974-03-01,120.907303329724
1974-04-01,121.937548681703
1974-05-01,121.315743816856
1974-06-01,121.105094007242
1974-07-01,121.327945516061
1974-08-01,121.84203106475
1974-09-01,123.315122070219
1974-10-01,123.424473851028
1974-11-01,123.008985220584
1974-12-01,118.94638103211
1975-01-01,116.202875176941
1975-02-01,113.537175070534
1975-03-01,108.637213541261
1975-04-01,108.156455938363
1975-05-01,107.889816903619
1975-06-01,107.205779318764
1975-07-01,107.81447919948
1975-08-01,109.558320390224
1975-09-01,107.410598259654
1975-10-01,106.513912084451
1975-11-01,106.127420530024
1975-12-01,106.222133533854
1976-01-01,106.271767698133
1976-02-01,107.024707475267
1976-03-01,107.38713645491
1976-04-01,108.656232855457
1976-05-01,108.71173848729
1976-06-01,109.666354129705
1976-07-01,110.21700520002
1976-08-01,110.982631950072
1976-09-01,110.187101003243
1976-10-01,110.518603773032
1976-11-01,110.341035632673
1976-12-01,110.755575444471
1977-01-01,111.848681514729
1977-02-01,112.244274220667
1977-03-01,113.168481524308
1977-04-01,112.686329446073
1977-05-01,112.758480345361
1977-06-01,112.019239819653
1977-07-01,110.537971557616
1977-08-01,109.56544533294
1977-09-01,109.37264648713
1977-10-01,108.161758737448
1977-11-01,106.932889497863
1977-12-01,105.988797955338
1978-01-01,104.790984781476
1978-02-01,103.576190368432
1978-03-01,102.444119389119
1978-04-01,101.981746170154
1978-05-01,101.497688187951
1978-06-01,101.250577747754
1978-07-01,100.552404498787
1978-08-01,100.06009392281
1978-09-01,98.2943404959964
1978-10-01,98.5359419663999
1978-11-01,100.611867602082
1978-12-01,100.880482422786
1979-01-01,101.981568649192
1979-02-01,105.765562745812
1979-03-01,104.905972841217
1979-04-01,106.742463437902
1979-05-01,109.275646639682
1979-06-01,111.1959353413
1979-07-01,110.752044641354
1979-08-01,111.414820333508
1979-09-01,112.2072314676
1979-10-01,113.25092119411
1979-11-01,114.983871064997
1979-12-01,115.469836871789
1980-01-01,115.832384169591
1980-02-01,115.893518906713
1980-03-01,117.136483352122
1980-04-01,118.278526746394
1980-05-01,116.333343379242
1980-06-01,116.357702448647
1980-07-01,116.829744922944
1980-08-01,116.667615521271
1980-09-01,116.415903372395
1980-10-01,117.846916615636
1980-11-01,119.521840969253
1980-12-01,120.344651757689
1981-01-01,121.512330015203
1981-02-01,122.924563254724
1981-03-01,122.66075342251
1981-04-01,123.421788760893
1981-05-01,123.55441732693
1981-06-01,124.097540419869
1981-07-01,125.79014659462
1981-08-01,128.030200724078
1981-09-01,126.460661245198
1981-10-01,126.49939815338
1981-11-01,124.64467623664
1981-12-01,125.049356850685
1982-01-01,125.116602234683
1982-02-01,124.758061159551
1982-03-01,122.693802405205
1982-04-01,124.128554321072
1982-05-01,124.563415148105
1982-06-01,124.690148826354
1982-07-01,124.518639519701
1982-08-01,124.571921179392
1982-09-01,125.112833179878
1982-10-01,126.16961084525
1982-11-01,124.86373053989
1982-12-01,123.765007262728
1983-01-01,122.192617783004
1983-02-01,121.40987256419
1983-03-01,121.079011167727
1983-04-01,121.833091925697
1983-05-01,122.107043865295
1983-06-01,123.602603953328
1983-07-01,123.266186293431
1983-08-01,124.737697658687
1983-09-01,124.638733634983
1983-10-01,123.905675844715
1983-11-01,124.47010317889
1983-12-01,124.750478218577
1984-01-01,125.257099391205
1984-02-01,125.584780145978
1984-03-01,126.300165284585
1984-04-01,127.066676514699
1984-05-01,127.760176264602
1984-06-01,127.533739004949
1984-07-01,128.659718542733
1984-08-01,128.773691222592
1984-09-01,129.964521416616
1984-10-01,130.64460461364
1984-11-01,130.288951519044
1984-12-01,129.420209302813
1985-01-01,133.360205832368
1985-02-01,135.624600069986
1985-03-01,135.624202711839
1985-04-01,134.156775848307
1985-05-01,133.294892622378
1985-06-01,132.167957660606
1985-07-01,131.076741758688
1985-08-01,129.440291039664
1985-09-01,129.629185588626
1985-10-01,129.21845100864
1985-11-01,129.702182082934
1985-12-01,128.683055215311
1986-01-01,126.201250517634
1986-02-01,124.413725879473
1986-03-01,122.222619041942
1986-04-01,120.585494235784
1986-05-01,119.407790845475
1986-06-01,117.539140184813
1986-07-01,115.902809721737
1986-08-01,115.660590177046
1986-09-01,114.529250538615
1986-10-01,113.992567972805
1986-11-01,112.826871865308
1986-12-01,112.604605396369
1987-01-01,112.055097430294
1987-02-01,111.738569792019
1987-03-01,111.054866563886
1987-04-01,110.656031179281
1987-05-01,110.747964535736
1987-06-01,111.90888373825
1987-07-01,112.944320664664
1987-08-01,112.207229284218
1987-09-01,110.708397147875
1987-10-01,112.175538506979
1987-11-01,112.000535534648
1987-12-01,111.466492013417
1988-01-01,111.223626647948
1988-02-01,111.835949082834
1988-03-01,112.205810146832
1988-04-01,112.660780077617
1988-05-01,113.71610814404
1988-06-01,114.77152357496
1988-07-01,115.500879454957
1988-08-01,115.002043383187
1988-09-01,115.768308571422
1988-10-01,116.624144935509
1988-11-01,117.253377000005
1988-12-01,118.695029088881
1989-01-01,120.543716364242
1989-02-01,120.653451239659
1989-03-01,123.256512873707
1989-04-01,124.125051253193
1989-05-01,125.362915871937
1989-06-01,123.600006704041
1989-07-01,122.798387127131
1989-08-01,122.792798530024
1989-09-01,123.225739951194
1989-10-01,123.406125495741
1989-11-01,123.719689990446
1989-12-01,124.708333872878
1990-01-01,123.141290549401
1990-02-01,122.505036424058
1990-03-01,122.857423306286
1990-04-01,122.638780333388
1990-05-01,121.682352042692
1990-06-01,121.161325007997
1990-07-01,121.504737218837
1990-08-01,123.006823350834
1990-09-01,123.236529258019
1990-10-01,121.815808103874
1990-11-01,120.762308703139
1990-12-01,120.86593553428
1991-01-01,120.459399909305
1991-02-01,120.84271242119
1991-03-01,119.21435511605
1991-04-01,119.027490201955
1991-05-01,119.142258120347
1991-06-01,119.490898817176
1991-07-01,119.615285460976
1991-08-01,119.921694745219
1991-09-01,118.89371638222
1991-10-01,119.420992255098
1991-11-01,119.765640160391
1991-12-01,119.018628190075
1992-01-01,118.8196871094
1992-02-01,118.790058424929
1992-03-01,118.079286421732
1992-04-01,118.657841370814
1992-05-01,118.619218001151
1992-06-01,118.247820442357
1992-07-01,117.601038334021
1992-08-01,116.294474043278
1992-09-01,116.417075155939
1992-10-01,116.189196636355
1992-11-01,116.303725326316
1992-12-01,116.17758155482
1993-01-01,116.13443230168
1993-02-01,116.978341230199
1993-03-01,119.011707613068
1993-04-01,117.366320887658
1993-05-01,117.039358061018
1993-06-01,116.792127438579
1993-07-01,117.188372980075
1993-08-01,116.957155982028
1993-09-01,117.04934701679
1993-10-01,117.211738036439
1993-11-01,117.03985398807
1993-12-01,116.938034801436
1994-01-01,116.273184648988
1994-02-01,116.218900223806
1994-03-01,116.124476715941
1994-04-01,115.657979846555
1994-05-01,116.417906899879
1994-06-01,116.931539952068
1994-07-01,117.414050827123
1994-08-01,118.131868051994
1994-09-01,117.8669626755
1994-10-01,117.70480943693
1994-11-01,117.787687411267
1994-12-01,118.118935111757
1995-01-01,118.544777531443
1995-02-01,118.584082357635
1995-03-01,118.361588166872
1995-04-01,117.915700020708
1995-05-01,117.706603010956
1995-06-01,117.513412841382
1995-07-01,117.064741988243
1995-08-01,116.798538923056
1995-09-01,117.346019199379
1995-10-01,116.501314692848
1995-11-01,116.180363196751
1995-12-01,115.785074155775
1996-01-01,115.212390287207
1996-02-01,114.558700883184
1996-03-01,114.302687540712
1996-04-01,114.240523672133
1996-05-01,113.166710161199
1996-06-01,112.656609822592
1996-07-01,112.076773926996
1996-08-01,110.9780708196
1996-09-01,111.59064455086
1996-10-01,112.335874331484
1996-11-01,112.080211760226
1996-12-01,112.387423566096
1997-01-01,113.070633622339
1997-02-01,113.941744752255
1997-03-01,114.1772412327
1997-04-01,114.677676155389
1997-05-01,115.438299547718
1997-06-01,115.720282117747
1997-07-01,115.519519203267
1997-08-01,116.260499222645
1997-09-01,116.135443113719
1997-10-01,116.152505258545
1997-11-01,116.055411981112
1997-12-01,115.67147622822
1998-01-01,115.334208723793
1998-02-01,114.601700115829
1998-03-01,113.822911290751
1998-04-01,114.233017945415
1998-05-01,113.8127017628
1998-06-01,113.248966902889
1998-07-01,113.27581115958
1998-08-01,112.475127971768
1998-09-01,111.588103928201
1998-10-01,110.765882750138
1998-11-01,110.009569424385
1998-12-01,109.314718409522
1999-01-01,109.129325306351
1999-02-01,108.803288449018
1999-03-01,108.857588141997
1999-04-01,108.874973419427
1999-05-01,109.359376009613
1999-06-01,109.569297045849
1999-07-01,109.993660501432
1999-08-01,110.272760566062
1999-09-01,110.757730930267
1999-10-01,111.462599690219
1999-11-01,112.272231656043
1999-12-01,113.709505232004
2000-01-01,114.262095208917
2000-02-01,115.930968234586
2000-03-01,116.289840515167
2000-04-01,116.052854978119
2000-05-01,116.799600591728
2000-06-01,117.356794779084
2000-07-01,117.555250821235
2000-08-01,117.503565958639
2000-09-01,119.857418892821
2000-10-01,119.591137011003
2000-11-01,120.742666618219
2000-12-01,119.940179969437
2001-01-01,117.809187464331
2001-02-01,117.408023958483
2001-03-01,116.831121915235
2001-04-01,116.796808643775
2001-05-01,116.672531211899
2001-06-01,116.91292453268
2001-07-01,116.621512273144
2001-08-01,115.666386208145
2001-09-01,115.186950597786
2001-10-01,113.834734411465
2001-11-01,113.181020011844
2001-12-01,112.698975971606
2002-01-01,112.677468382584
2002-02-01,112.623121387327
2002-03-01,112.861311571571
2002-04-01,113.033320409477
2002-05-01,112.59010050694
2002-06-01,112.464091087894
2002-07-01,112.22022612591
2002-08-01,111.903955612722
2002-09-01,112.077474219794
2002-10-01,112.460118657259
2002-11-01,112.499625378328
2002-12-01,112.716064863524
2003-01-01,113.111212692266
2003-02-01,112.909480599056
2003-03-01,113.585748679628
2003-04-01,111.794411566522
2003-05-01,111.164782272959
2003-06-01,110.407909007726
2003-07-01,110.334833844855
2003-08-01,110.764336851809
2003-09-01,110.572501569693
2003-10-01,110.625678626993
2003-11-01,110.90604105289
2003-12-01,111.117491067131
2004-01-01,111.211020571134
2004-02-01,111.15583291909
2004-03-01,111.45930332362
2004-04-01,111.735914014293
2004-05-01,112.439873904502
2004-06-01,112.37290197108
2004-07-01,111.887217058577
2004-08-01,112.613689233128
2004-09-01,112.530361837812
2004-10-01,113.422380678711
2004-11-01,113.632352161306
2004-12-01,113.394765445409
2005-01-01,113.282453367532
2005-02-01,114.048779274343
2005-03-01,114.431886504178
2005-04-01,114.189512351412
2005-05-01,113.52134322739
2005-06-01,113.303918210537
2005-07-01,113.94989835414
2005-08-01,113.952002910511
2005-09-01,114.95170359607
2005-10-01,114.965675538268
2005-11-01,114.494979365385
2005-12-01,115.125299174635
2006-01-01,115.872386796986
2006-02-01,116.414927768444
2006-03-01,116.209721458117
2006-04-01,116.855945097683
2006-05-01,117.754947942508
2006-06-01,117.803545294973
2006-07-01,117.765796138428
2006-08-01,118.430688444026
2006-09-01,118.752040504686
2006-10-01,118.603941119379
2006-11-01,119.295699915619
2006-12-01,119.650883710903
2007-01-01,119.638787798521
2007-02-01,119.640665540941
2007-03-01,119.854961508378
2007-04-01,120.772942530475
2007-05-01,121.543138846849
2007-06-01,121.589352321001
2007-07-01,121.713041999458
2007-08-01,121.702452158013
2007-09-01,121.171278298845
2007-10-01,122.50686239468
2007-11-01,123.762373367718
2007-12-01,123.78879152877
2008-01-01,124.609110058467
2008-02-01,124.491989936451
2008-03-01,125.364808967867
2008-04-01,124.933024066162
2008-05-01,126.134157768813
2008-06-01,127.119079234707
2008-07-01,128.237616917177
2008-08-01,127.667708859082
2008-09-01,127.192386851539
2008-10-01,126.325671362326
2008-11-01,122.658887941884
2008-12-01,120.993260290291
2009-01-01,118.778324765674
2009-02-01,118.194486610181
2009-03-01,116.623273965775
2009-04-01,115.489986138071
2009-05-01,114.836957264953
2009-06-01,114.712071533566
2009-07-01,114.95071629049
2009-08-01,115.093139871921
2009-09-01,115.817788581909
2009-10-01,116.063997143389
2009-11-01,116.758985992748
2009-12-01,116.913625033447
2010-01-01,117.485764883661
2010-02-01,116.883994412111
2010-03-01,117.111793302487
2010-04-01,117.270452645615
2010-05-01,118.168639138123
2010-06-01,117.392557123383
2010-07-01,116.770054226323
2010-08-01,116.76993908069
2010-09-01,116.640992292145
2010-10-01,116.37985738285
2010-11-01,117.06073807527
2010-12-01,117.367856486894
2011-01-01,117.494136638234
2011-02-01,118.168569805367
2011-03-01,118.568174900469
2011-04-01,119.180917796579
2011-05-01,119.53682097318
2011-06-01,118.065924176562
2011-07-01,116.934271893475
2011-08-01,114.523432248591
2011-09-01,114.166559134484
2011-10-01,114.245914078896
2011-11-01,113.666002505273
2011-12-01,114.049231886387
2012-01-01,114.160585078966
2012-02-01,114.823101092349
2012-03-01,115.172279245689
2012-04-01,115.014400602856
2012-05-01,114.292134472596
2012-06-01,113.405240018836
2012-07-01,112.744195667431
2012-08-01,113.621945029305
2012-09-01,114.343744326642
2012-10-01,114.491291429607
2012-11-01,114.208348815553
2012-12-01,113.895302062007
2013-01-01,113.699207040192
2013-02-01,113.97307632649
2013-03-01,113.623319557469
2013-04-01,113.333604004419
2013-05-01,113.169998570241
2013-06-01,113.313474236528
2013-07-01,113.351685940096
2013-08-01,113.825582272554
2013-09-01,113.709361075694
2013-10-01,112.938598617361
2013-11-01,112.829815824799
2013-12-01,112.597710567811
2014-01-01,112.737766392312
2014-02-01,111.964037527823
2014-03-01,111.793061270268
2014-04-01,111.596856023048
2014-05-01,111.778794645787
2014-06-01,111.793363472319
2014-07-01,111.889384638283
2014-08-01,111.723163326333
2014-09-01,111.152752795615
2014-10-01,110.877318514674
2014-11-01,110.235522749353
2014-12-01,108.990994495455
2015-01-01,107.296519218625
2015-02-01,104.416713188322
2015-03-01,105.014633369597
2015-04-01,101.788230517449
2015-05-01,100.888986444
2015-06-01,100.639853637454
2015-07-01,100.173833660636
2015-08-01,99.2566278459401
2015-09-01,98.7078533214469
2015-10-01,98.4666817523823
2015-11-01,99.3066878357953
2015-12-01,98.3731979901604
2016-01-01,97.7302116305421
2016-02-01,97.2025098076717
2016-03-01,97.4059718864524
2016-04-01,97.7026684480863
2016-05-01,98.0627872433157
2016-06-01,98.8058732947361
2016-07-01,98.601723159869
2016-08-01,98.1107645687297
2016-09-01,98.416706847368
2016-10-01,98.4348029655692
2016-11-01,98.4383722425386
2016-12-01,98.8801228132267
2017-01-01,99.6621310085147
2017-02-01,100.201018927433
2017-03-01,100.326485785127
2017-04-01,100.230469150524
2017-05-01,99.7619804001414
2017-06-01,99.6654795012329
2017-07-01,99.4694698686511
2017-08-01,100.689787347056
2017-09-01,101.29569757637
2017-10-01,102.058391967272
2017-11-01,103.081805899476
2017-12-01,103.556861059325
2018-01-01,104.066519523775
2018-02-01,104.744197954051
2018-03-01,104.319986382698
2018-04-01,105.0470100376
2018-05-01,106.023935458693
2018-06-01,106.338756368237
2018-07-01,106.2604366725
2018-08-01,106.334234654522
2018-09-01,106.215678530721
2018-10-01,106.448075761863
2018-11-01,106.165867956918
2018-12-01,104.64578728064
2019-01-01,103.163927070735
2019-02-01,104.050031398139
2019-03-01,104.598723200476
2019-04-01,104.797049321364
2019-05-01,104.160139447186
2019-06-01,103.189780982486
2019-07-01,102.949558922526
2019-08-01,102.577553648059
2019-09-01,101.912724833664
2019-10-01,101.454802695624
2019-11-01,101.093967705021
2019-12-01,101.540329345064
2020-01-01,101.398470426038
2020-02-01,100.15367196823
2020-03-01,99.262262703184
2020-04-01,96.4461717267037
2020-05-01,95.0412406488253
2020-06-01,96.3813075764339
2020-07-01,96.7314061512675
2020-08-01,96.1726204274093
2020-09-01,96.1675613650845
2020-10-01,95.865911920941
2020-11-01,95.7294049902063
2020-12-01,97.1553060652273
2021-01-01,97.6368520387188
2021-02-01,98.6351212005875
2021-03-01,99.5441865112878
2021-04-01,100.084332734495
2021-05-01,101.037531818572
2021-06-01,101.624691611457
2021-07-01,102.31432824769
2021-08-01,103.449311476098
2021-09-01,103.901484821026
2021-10-01,104.897152454293
2021-11-01,106.231131061614
2021-12-01,106.258377675983
2022-01-01,107.080021013592
2022-02-01,108.345591312987
2022-03-01,109.427384337234
2022-04-01,111.389191603707
2022-05-01,113.039309924045
2022-06-01,113.894238655776
2022-07-01,113.341031765891
2022-08-01,112.610482800475
2022-09-01,113.083677894091
2022-10-01,113.009806090431
2022-11-01,112.489836099812
2022-12-01,111.069602517595
2023-01-01,111.812487214954
2023-02-01,110.881318772088
2023-03-01,110.682638438815
2023-04-01,110.112466006066
2023-05-01,107.81146666464
2023-06-01,108.057560826712
2023-07-01,107.615607081025
2023-08-01,107.941493126729
2023-09-01,107.766780630136
2023-10-01,108.379404202849
2023-11-01,107.207625787516
2023-12-01,106.251055108792
2024-01-01,104.635094820718
2024-02-01,104.940593480446
2024-03-01,104.75078351166
2024-04-01,104.692042844145
2024-05-01,104.711214739124
2024-06-01,104.599829546166
2024-07-01,104.689679882364
2024-08-01,104.295605443364
2024-09-01,103.973373387761
2024-10-01,103.659961582092
2024-11-01,103.213321451783
2024-12-01,103.564115091234
2025-01-01,103.824509788498
2025-02-01,104.050495708741
2025-03-01,103.547842810578
2025-04-01,102.991714911937
2025-05-01,101.725325372239
2025-06-01,101.623352188799
2025-07-01,101.728890688823
2025-08-01,101.531227411056
2025-09-01,101.18004220044
2025-10-01,100.928892606617
2025-11-01,100.770639311493
2025-12-01,100.611951034676
2026-01-01,100.18755996284
2026-02-01,100.287922816424
2026-03-01,100.308154271917
2026-04-01,101.771954077934
2026-05-01,101.516225061575
2026-06-01,100.820160099275
2026-07-01,100.231492213192
